Indices,Files
1,1.dat
2,2.dat
3,3.dat
5,5.dat
6,6.dat
7,7.dat
8,8.dat
10,10.dat
11,11.dat
12,12.dat
13,13.dat
15,15.dat
16,16.dat
17,17.dat
18,18.dat
19,19.dat
20,20.dat
21,21.dat
23,23.dat
24,24.dat
25,25.dat
26,26.dat
28,28.dat
30,30.dat
31,31.dat
32,32.dat
34,34.dat
36,36.dat
37,37.dat
38,38.dat
39,39.dat
40,40.dat
41,41.dat
42,42.dat
43,43.dat
45,45.dat
46,46.dat
47,47.dat
48,48.dat
49,49.dat
50,50.dat
51,51.dat
52,52.dat
53,53.dat
54,54.dat
55,55.dat
56,56.dat
58,58.dat
59,59.dat
60,60.dat
61,61.dat
62,62.dat
63,63.dat
64,64.dat
65,65.dat
67,67.dat
68,68.dat
69,69.dat
70,70.dat
71,71.dat
72,72.dat
73,73.dat
75,75.dat
76,76.dat
77,77.dat
78,78.dat
79,79.dat
81,81.dat
82,82.dat
83,83.dat
84,84.dat
85,85.dat
86,86.dat
87,87.dat
88,88.dat
91,91.dat
92,92.dat
94,94.dat
95,95.dat
96,96.dat
97,97.dat
98,98.dat
99,99.dat
100,100.dat
101,101.dat
102,102.dat
103,103.dat
104,104.dat
105,105.dat
107,107.dat
108,108.dat
109,109.dat
110,110.dat
111,111.dat
112,112.dat
113,113.dat
114,114.dat
117,117.dat
118,118.dat
119,119.dat
120,120.dat
121,121.dat
122,122.dat
123,123.dat
125,125.dat
126,126.dat
128,128.dat
129,129.dat
130,130.dat
131,131.dat
132,132.dat
133,133.dat
134,134.dat
135,135.dat
136,136.dat
137,137.dat
138,138.dat
139,139.dat
140,140.dat
141,141.dat
143,143.dat
144,144.dat
145,145.dat
146,146.dat
147,147.dat
148,148.dat
149,149.dat
150,150.dat
151,151.dat
152,152.dat
153,153.dat
154,154.dat
155,155.dat
156,156.dat
157,157.dat
159,159.dat
160,160.dat
161,161.dat
162,162.dat
163,163.dat
164,164.dat
165,165.dat
166,166.dat
167,167.dat
168,168.dat
169,169.dat
170,170.dat
171,171.dat
172,172.dat
173,173.dat
174,174.dat
175,175.dat
176,176.dat
177,177.dat
178,178.dat
179,179.dat
180,180.dat
181,181.dat
182,182.dat
183,183.dat
184,184.dat
185,185.dat
186,186.dat
187,187.dat
188,188.dat
189,189.dat
190,190.dat
191,191.dat
192,192.dat
193,193.dat
194,194.dat
196,196.dat
198,198.dat
199,199.dat
200,200.dat
201,201.dat
202,202.dat
203,203.dat
204,204.dat
205,205.dat
206,206.dat
207,207.dat
208,208.dat
209,209.dat
210,210.dat
211,211.dat
212,212.dat
214,214.dat
216,216.dat
217,217.dat
219,219.dat
220,220.dat
221,221.dat
222,222.dat
223,223.dat
224,224.dat
226,226.dat
227,227.dat
228,228.dat
229,229.dat
230,230.dat
231,231.dat
232,232.dat
233,233.dat
234,234.dat
235,235.dat
236,236.dat
237,237.dat
238,238.dat
239,239.dat
240,240.dat
241,241.dat
242,242.dat
243,243.dat
244,244.dat
245,245.dat
246,246.dat
247,247.dat
248,248.dat
249,249.dat
250,250.dat
251,251.dat
252,252.dat
253,253.dat
254,254.dat
255,255.dat
256,256.dat
257,257.dat
258,258.dat
259,259.dat
260,260.dat
261,261.dat
262,262.dat
265,265.dat
266,266.dat
267,267.dat
268,268.dat
269,269.dat
270,270.dat
271,271.dat
272,272.dat
273,273.dat
274,274.dat
276,276.dat
277,277.dat
278,278.dat
280,280.dat
281,281.dat
282,282.dat
283,283.dat
284,284.dat
285,285.dat
286,286.dat
287,287.dat
288,288.dat
290,290.dat
291,291.dat
292,292.dat
293,293.dat
294,294.dat
295,295.dat
296,296.dat
297,297.dat
298,298.dat
299,299.dat
300,300.dat
301,301.dat
302,302.dat
303,303.dat
305,305.dat
306,306.dat
308,308.dat
309,309.dat
310,310.dat
311,311.dat
312,312.dat
314,314.dat
315,315.dat
316,316.dat
317,317.dat
318,318.dat
320,320.dat
322,322.dat
323,323.dat
325,325.dat
326,326.dat
327,327.dat
328,328.dat
329,329.dat
330,330.dat
332,332.dat
333,333.dat
334,334.dat
335,335.dat
336,336.dat
337,337.dat
338,338.dat
339,339.dat
340,340.dat
341,341.dat
342,342.dat
343,343.dat
344,344.dat
345,345.dat
346,346.dat
347,347.dat
348,348.dat
349,349.dat
350,350.dat
352,352.dat
353,353.dat
354,354.dat
355,355.dat
356,356.dat
357,357.dat
358,358.dat
360,360.dat
363,363.dat
365,365.dat
366,366.dat
367,367.dat
368,368.dat
369,369.dat
370,370.dat
371,371.dat
372,372.dat
373,373.dat
374,374.dat
375,375.dat
376,376.dat
378,378.dat
379,379.dat
380,380.dat
381,381.dat
382,382.dat
383,383.dat
384,384.dat
385,385.dat
387,387.dat
388,388.dat
389,389.dat
390,390.dat
391,391.dat
392,392.dat
393,393.dat
395,395.dat
396,396.dat
397,397.dat
398,398.dat
399,399.dat
400,400.dat
401,401.dat
402,402.dat
403,403.dat
404,404.dat
405,405.dat
406,406.dat
407,407.dat
408,408.dat
409,409.dat
410,410.dat
412,412.dat
413,413.dat
414,414.dat
415,415.dat
416,416.dat
417,417.dat
418,418.dat
419,419.dat
420,420.dat
421,421.dat
423,423.dat
424,424.dat
425,425.dat
426,426.dat
427,427.dat
428,428.dat
429,429.dat
430,430.dat
431,431.dat
432,432.dat
433,433.dat
434,434.dat
435,435.dat
436,436.dat
437,437.dat
438,438.dat
439,439.dat
441,441.dat
442,442.dat
443,443.dat
444,444.dat
445,445.dat
446,446.dat
447,447.dat
448,448.dat
449,449.dat
450,450.dat
451,451.dat
452,452.dat
453,453.dat
455,455.dat
456,456.dat
457,457.dat
458,458.dat
459,459.dat
460,460.dat
462,462.dat
463,463.dat
464,464.dat
465,465.dat
466,466.dat
467,467.dat
468,468.dat
469,469.dat
470,470.dat
471,471.dat
472,472.dat
473,473.dat
476,476.dat
477,477.dat
478,478.dat
479,479.dat
480,480.dat
482,482.dat
483,483.dat
484,484.dat
485,485.dat
486,486.dat
487,487.dat
488,488.dat
489,489.dat
492,492.dat
493,493.dat
494,494.dat
496,496.dat
497,497.dat
498,498.dat
501,501.dat
502,502.dat
503,503.dat
504,504.dat
507,507.dat
508,508.dat
509,509.dat
510,510.dat
511,511.dat
512,512.dat
513,513.dat
514,514.dat
515,515.dat
517,517.dat
518,518.dat
519,519.dat
520,520.dat
521,521.dat
522,522.dat
523,523.dat
524,524.dat
525,525.dat
527,527.dat
528,528.dat
530,530.dat
531,531.dat
533,533.dat
534,534.dat
535,535.dat
536,536.dat
537,537.dat
538,538.dat
539,539.dat
540,540.dat
541,541.dat
542,542.dat
543,543.dat
544,544.dat
545,545.dat
547,547.dat
548,548.dat
549,549.dat
550,550.dat
551,551.dat
552,552.dat
553,553.dat
554,554.dat
555,555.dat
556,556.dat
557,557.dat
558,558.dat
559,559.dat
560,560.dat
561,561.dat
562,562.dat
563,563.dat
564,564.dat
565,565.dat
566,566.dat
568,568.dat
569,569.dat
570,570.dat
571,571.dat
572,572.dat
574,574.dat
575,575.dat
576,576.dat
577,577.dat
578,578.dat
579,579.dat
581,581.dat
582,582.dat
583,583.dat
584,584.dat
585,585.dat
586,586.dat
587,587.dat
588,588.dat
589,589.dat
590,590.dat
591,591.dat
592,592.dat
593,593.dat
595,595.dat
596,596.dat
597,597.dat
598,598.dat
599,599.dat
600,600.dat
601,601.dat
602,602.dat
603,603.dat
604,604.dat
605,605.dat
606,606.dat
607,607.dat
608,608.dat
609,609.dat
610,610.dat
611,611.dat
612,612.dat
613,613.dat
614,614.dat
615,615.dat
616,616.dat
617,617.dat
618,618.dat
619,619.dat
621,621.dat
622,622.dat
625,625.dat
626,626.dat
627,627.dat
628,628.dat
629,629.dat
630,630.dat
631,631.dat
632,632.dat
634,634.dat
635,635.dat
636,636.dat
637,637.dat
638,638.dat
639,639.dat
640,640.dat
641,641.dat
642,642.dat
643,643.dat
644,644.dat
645,645.dat
646,646.dat
647,647.dat
648,648.dat
649,649.dat
650,650.dat
651,651.dat
652,652.dat
653,653.dat
654,654.dat
656,656.dat
658,658.dat
659,659.dat
660,660.dat
661,661.dat
662,662.dat
663,663.dat
664,664.dat
665,665.dat
666,666.dat
667,667.dat
668,668.dat
670,670.dat
671,671.dat
673,673.dat
674,674.dat
675,675.dat
676,676.dat
677,677.dat
678,678.dat
679,679.dat
680,680.dat
682,682.dat
683,683.dat
684,684.dat
685,685.dat
686,686.dat
687,687.dat
688,688.dat
689,689.dat
690,690.dat
691,691.dat
692,692.dat
693,693.dat
694,694.dat
695,695.dat
696,696.dat
698,698.dat
699,699.dat
700,700.dat
701,701.dat
703,703.dat
704,704.dat
705,705.dat
706,706.dat
707,707.dat
709,709.dat
710,710.dat
711,711.dat
712,712.dat
713,713.dat
714,714.dat
715,715.dat
716,716.dat
717,717.dat
718,718.dat
719,719.dat
720,720.dat
721,721.dat
722,722.dat
723,723.dat
724,724.dat
725,725.dat
726,726.dat
727,727.dat
728,728.dat
729,729.dat
730,730.dat
731,731.dat
732,732.dat
733,733.dat
734,734.dat
735,735.dat
736,736.dat
737,737.dat
738,738.dat
739,739.dat
740,740.dat
741,741.dat
742,742.dat
744,744.dat
745,745.dat
746,746.dat
747,747.dat
748,748.dat
749,749.dat
750,750.dat
752,752.dat
753,753.dat
754,754.dat
756,756.dat
758,758.dat
759,759.dat
760,760.dat
761,761.dat
763,763.dat
764,764.dat
765,765.dat
767,767.dat
768,768.dat
769,769.dat
770,770.dat
771,771.dat
772,772.dat
773,773.dat
774,774.dat
775,775.dat
776,776.dat
777,777.dat
778,778.dat
779,779.dat
780,780.dat
781,781.dat
782,782.dat
783,783.dat
784,784.dat
785,785.dat
787,787.dat
788,788.dat
789,789.dat
790,790.dat
791,791.dat
792,792.dat
793,793.dat
794,794.dat
795,795.dat
796,796.dat
797,797.dat
798,798.dat
799,799.dat
800,800.dat
801,801.dat
802,802.dat
803,803.dat
804,804.dat
806,806.dat
807,807.dat
808,808.dat
809,809.dat
810,810.dat
811,811.dat
812,812.dat
813,813.dat
814,814.dat
815,815.dat
816,816.dat
817,817.dat
818,818.dat
819,819.dat
820,820.dat
821,821.dat
822,822.dat
823,823.dat
825,825.dat
826,826.dat
827,827.dat
828,828.dat
829,829.dat
830,830.dat
831,831.dat
833,833.dat
834,834.dat
835,835.dat
837,837.dat
838,838.dat
840,840.dat
841,841.dat
842,842.dat
843,843.dat
844,844.dat
845,845.dat
846,846.dat
848,848.dat
849,849.dat
850,850.dat
851,851.dat
852,852.dat
853,853.dat
854,854.dat
855,855.dat
856,856.dat
